<wpml-config>
    <custom-fields>
        <custom-field action="copy">smartlib_display_sidebar_footer_page</custom-field>
        <custom-field action="copy">smartlib_show_top_bar_page</custom-field>
        <custom-field action="copy">smartlib_navbar_over_content</custom-field>
        <custom-field action="copy">smartlib_page_header_background</custom-field>
        <custom-field action="copy">smartlib_layout_page</custom-field>
        <custom-field action="copy">smartlib_pages_breadcrumb_page</custom-field>
        <custom-field action="copy">stool_item_image</custom-field>
        <custom-field action="copy">smartlib_item_image</custom-field>
        <custom-field action="translate">smartlib_linkedin_url</custom-field>
        <custom-field action="translate">smartlib_member_position</custom-field>
        <custom-field action="translate">smartlib_pinterest_url</custom-field>
        <custom-field action="translate">smartlib_twitter_url</custom-field>
        <custom-field action="translate">smartlib_url</custom-field>
        <custom-field action="translate">smartlib__googlep_url</custom-field>
        <custom-field action="translate">smartlib_pinterest_url</custom-field>
        <custom-field action="translate">smartlib_facebook_url</custom-field>
        <custom-field action="translate">smartlib_email</custom-field>
        <custom-field action="translate">smartlib_client_name</custom-field>
        <custom-field action="translate">smartlib_googlep_url</custom-field>
        <custom-field action="translate">stool_client_name</custom-field>
        <custom-field action="translate">stool_company_name</custom-field>
        <custom-field action="translate">stool_facebook_url</custom-field>
        <custom-field action="translate">stool_googlep_url</custom-field>
        <custom-field action="translate">stool_linkedin_url</custom-field>
        <custom-field action="translate">stool_member_position</custom-field>
        <custom-field action="translate">stool_pinterest_url</custom-field>
        <custom-field action="translate">stool_twiter_url</custom-field>
        <custom-field action="translate">stool_twitter_url</custom-field>
        <custom-field action="translate">smartlib_slider</custom-field>
        <custom-field action="translate">smartlib_text</custom-field>
    </custom-fields>
    <custom-types>
        <custom-type translate="1">smartlib_portfolio</custom-type>
        <custom-type translate="1">smartlib_team</custom-type>
        <custom-type translate="1">smartlib_testimonial</custom-type>
        <custom-type translate="1">smartlib_faq</custom-type>
    </custom-types>    
    <taxonomies>
        <taxonomy translate="1">portfolio_category</taxonomy>
        <taxonomy translate="1">portfolio_skills</taxonomy>
    </taxonomies>    
    <admin-texts>
        <key name="my_plugins_options">
            <key name="option_name_1" />
            <key name="option_name_2" />
            <key name="options_group_1">
                <key name="sub_option_name_11" />
                <key name="sub_option_name_12" />
            </key>
            <key name="options_group_2">
                <key name="sub_option_name_21" />
                <key name="sub_option_name_22" />
            </key>
        </key>
        <key name="simple_string_option" />
    </admin-texts>    
    <language-switcher-settings>
        <key name="icl_lang_sel_config">
            <key name="font-current-normal">#000000</key>
            <key name="font-current-hover">#2c3f52</key>
            <key name="background-current-normal">#ffffff</key>
            <key name="background-current-hover">#efeff0</key>
            <key name="font-other-normal">#2c3f52</key>
            <key name="font-other-hover">#000000</key>
            <key name="background-other-normal">#ffffff</key>
            <key name="background-other-hover">#eeeeee</key>
            <key name="border">#efeff0</key>
        </key>
        <key name="icl_lang_sel_footer_config">
            <key name="font-current-normal">#000000</key>
            <key name="font-current-hover">#2c3f52</key>
            <key name="background-current-normal">#ffffff</key>
            <key name="background-current-hover">#efeff0</key>
            <key name="font-other-normal">#2c3f52</key>
            <key name="font-other-hover">#000000</key>
            <key name="background-other-normal">#ffffff</key>
            <key name="background-other-hover">#eeeeee</key>
            <key name="border">#efeff0</key>
        </key>    
        <key name="icl_language_switcher_sidebar">0</key>  
        <key name="icl_widget_title_show">0</key>
        <key name="icl_lang_sel_type">list</key>
        <key name="icl_lso_link_empty">0</key>
        <key name="icl_lso_flags">1</key>
        <key name="icl_lso_native_lang">0</key>
        <key name="icl_lso_display_lang">0</key>
        <key name="icl_lang_sel_footer">0</key>
        <key name="icl_post_availability">0</key>
        <key name="icl_post_availability_position">below</key>
        <key name="icl_post_availability_text">This post is also available in: %s</key>    
    </language-switcher-settings>    
</wpml-config>


